Link,Lokasi,Tipe Properti,Luas Tanah,Luas Bangunan,Kamar Tidur,Kamar Mandi,Sertifikat,Jumlah Lantai,Kondisi Properti,Dilengkapi Perabotan,Daya Listrik,Kamar Pembantu,Garasi,Carport,Hadap,Harga
https://www.rumah123.com/properti/lumajang-tekung/rumah-gedung-dekat-tekung-lumajang-hos18734628/,Lumajang,-,430 M²,430 M²,3,2,Shm,-,-,-,900Watt,-,-,-,-,"RP 2,85 MILIAR"
https://www.rumah123.com/properti/lumajang-lumajang/rumah-mewah-di-pusat-kota-lumajang-rumah-hos39617564/,Lumajang,-,1900 M²,1600 M²,5,5,Shm,2,-,-,Lainnya,-,2,35,-,RP 5 MILIAR
https://www.rumah123.com/perumahan-baru/properti/surabaya/wisata-bukit-mas/nps1933/,Lumajang,Rumah,-,-,-,-,Lainnya,-,-,-,-,-,-,-,-,"RP 2,91 MILIAR"
https://www.rumah123.com/properti/lumajang-rowokangkung/rumah-baru-minimalis-lumajang-hos19517227/,Lumajang,-,60 M²,60 M²,2,1,Hgb,1,-,-,900Watt,-,-,-,-,RP 166 JUTA
https://www.rumah123.com/properti/lumajang-sukodono/rumah-elit-kokoh-hos18574050/,Lumajang,-,81 M²,160 M²,3,2,Shm,-,-,-,1300Watt,-,-,-,-,RP 550 JUTA
https://www.rumah123.com/properti/lumajang-sukodono/rumah-murah-startegis-di-sukodono-lumajang-hos40378288/,Lumajang,-,60 M²,60 M²,2,1,Shm,1,-,-,Lainnya,-,1,1,-,RP 175 JUTA
https://www.rumah123.com/properti/lumajang-tempeh/rumah-2lantai-hos18573803/,Lumajang,-,294 M²,294 M²,6,2,Shm,-,-,-,900Watt,-,-,-,-,RP 625 JUTA
https://www.rumah123.com/properti/lumajang-sumbersuko/raya-labruk-lumajang-sumbersuko-hos40563324/,Lumajang,-,230 M²,200 M²,-,1,Shm,1,-,-,Lainnya,-,-,-,-,"RP 1,5 MILIAR"
https://www.rumah123.com/properti/lumajang-sukodono/rumah-hook-strategis-sukodono-lumajang-hos19301309/,Lumajang,-,210 M²,210 M²,5,3,Shm,1,-,-,1300Watt,-,-,-,-,RP 750 JUTA
https://www.rumah123.com/properti/lumajang-lumajang/dijual-via-lelang-rumah-di-cluster-hasanah-park-lumajang-hos41427524/,Lumajang,-,106 M²,108 M²,3,2,Hgb,1,-,-,Lainnya,-,-,1,-,RP 435 JUTA
https://www.rumah123.com/properti/lumajang-sukodono/rumah-di-kampung-arab-lumajang-hos19301407/,Lumajang,-,192 M²,192 M²,4,1,Shm,1,-,-,900Watt,-,-,-,-,RP 675 JUTA
https://www.rumah123.com/properti/lumajang-tempeh/rumah-minimalis-gratis-furniture-di-tempeh-lumajang-hos19301552/,Lumajang,-,72 M²,72 M²,2,1,Hgb,1,-,-,900Watt,-,-,-,-,RP 166 JUTA
https://www.rumah123.com/properti/badung/hos11335237/,Lumajang,-,81 M²,115 M²,3,3,Shm,2,-,-,5500Watt,-,-,1,-,"RP 1,65 MILIAR"
https://www.rumah123.com/properti/lumajang-tekung/rumah-dan-gedung-luas-strategis-hos18573764/,Lumajang,-,430 M²,430 M²,3,2,Shm,-,-,-,900Watt,-,-,-,-,"RP 2,85 MILIAR"
https://www.rumah123.com/properti/lumajang-lumajang/rumah-pang-besar-sudirman-lumajang-hos39636427/,Lumajang,-,420 M²,420 M²,3,3,Hgb,1,-,-,6600Watt,-,1,-,-,RP 6 MILIAR
https://www.rumah123.com/properti/badung/hos41619245/,Lumajang,-,-,-,-,-,-,-,-,-,-,-,-,-,-,0
https://www.rumah123.com/properti/lumajang-sumbersoko/rumah-strategis-dekat-alun-alun-lumajang-hos19300650/,Lumajang,-,1100 M²,1100 M²,2,1,Shm,1,-,-,5500Watt,-,-,-,-,"RP 4,5 MILIAR"
https://www.rumah123.com/properti/lumajang-lumajang/rumah-bagus-dalam-kota-lumajang-hos39517039/,Lumajang,-,112 M²,100 M²,2,1,Shm,1,-,-,900Watt,-,1,1,-,RP 650 JUTA
https://www.rumah123.com/properti/lumajang-sukodono/rumah-dekat-samsat-sukodono-hos19300801/,Lumajang,-,95 M²,95 M²,3,1,Shm,1,-,-,900Watt,-,-,-,-,RP 285 JUTA
https://www.rumah123.com/properti/lumajang-sukodono/rumah-grand-wiraraja-hos18574042/,Lumajang,-,78 M²,78 M²,3,2,Hgb,-,-,-,1300Watt,-,-,-,-,RP 650 JUTA
https://www.rumah123.com/properti/lumajang-sukodono/rumah-minimalis-toga-sukodono-hos19300684/,Lumajang,-,74 M²,45 M²,2,1,Shm,1,-,-,900Watt,-,-,-,-,RP 345 JUTA
https://www.rumah123.com/properti/lumajang-tekung/rumah-minimalis-dekat-alun-alun-lumajang-hos19517332/,Lumajang,-,84 M²,84 M²,2,1,Shm,1,-,-,900Watt,-,-,-,-,RP 295 JUTA
https://www.rumah123.com/properti/lumajang-sukodono/rumah-nol-jalan-lumajang-hos19287392/,Lumajang,-,364 M²,364 M²,4,2,Shm,1,-,-,900Watt,-,-,-,-,"RP 1,85 MILIAR"
https://www.rumah123.com/properti/surabaya/hos41517645/,Lumajang,-,-,-,-,-,-,-,-,-,-,-,-,-,-,0
https://www.rumah123.com/properti/lumajang-tekung/rumah-di-alun-alun-lumajang-hos19300627/,Lumajang,-,180 M²,180 M²,5,2,Shm,1,-,-,4400Watt,-,-,-,-,"RP 1,5 MILIAR"
https://adclick.g.doubleclick.net/pcs/click?xai=AKAOjss4QkxM2WZOMXTuYtAZ830vElczXIYCNawOu_GRj3ZGA4sgS0otDW2RNz7iFWg6Tp0leKWaLFwyjBSCCjUZWMQbGj1kPKm5CfN_nhgYXKwDsSVEe3x2XSFXnWI_xteofx9tdF-kSO4YkKBguwTcbhyj9LaLJwVl0-OBt9A1fr0NzEpBhgVDA4BPp1fxagIRuqoQ9kMeGb0VuLLTy2-hGND6e5cNtu2JpZaEqU9r3UctpL2jwGebRP4SW9QbvbCe2SZpc17BT4wOCBWRwEm0GidSj__gWghBnSuRfWbkv18VIa4IRfZO7g9UHjbMZLSF54WP0bYWrvx3wZXIThz85S5yMVmvX-SF8doCctheJT3SuI13aoJLnfTd_bDSPDi1ZAY14DGQ281BQ5DTiTJJBWe6rNsh7lxe&sai=AMfl-YSY_AfqBTpCKr1xGN7v7lMlVY_HFoytkX3OPACT1khwIIgvXznXGBivjjsv60TIQ4mzzthyC9kZLFbtWeODPp6uAz1eGzoPlVbCvTWDB5XrO0YIQ_LpfMLcfQxPHttn7GjluK4WTdpkBRvmN4nXyA3Kdh0pZB-Q_Bb0c4gmnc02UGEgMOpGe812sAOYdiAedAPQBvNRftedwhAh8ly_407eUzpwF7dcixDlzCZDflAr2n-7QlD2H8lgv5ZhX-7LXK6uYblXqBWavsp2e8DAt-4HGjM1kHUFlxr5IrshewIMDeH1PCbjbOidICHsM81vHdmbfRqA0g6x&sig=Cg0ArKJSzBMH3qPyQw0xEAE&fbs_aeid=%5Bgw_fbsaeid%5D&urlfix=1&adurl=https://www.rumah123.com/perumahan-baru/properti/surabaya/wisata-bukit-mas-cluster-chelsea/nps1933/?utm_source=adunit-r123&utm_medium=native-ads-1-jawa-timur&utm_campaign=srp-secondary,Lumajang,Rumah,-,-,-,-,Lainnya,-,-,-,-,-,-,-,-,"RP 2,91 MILIAR"
https://www.rumah123.com/properti/lumajang-lumajang/jual-rumah-jalan-pelita-slamet-riyadi-tompokersan-lumajang-siap-huni-hos41339524/,Lumajang,-,754 M²,300 M²,4,3,Shm,1,-,-,3500Watt,-,2,2,-,"RP 4,9 MILIAR"
https://www.rumah123.com/properti/sidoarjo/hos41631242/,Lumajang,-,-,-,-,-,-,-,-,-,-,-,-,-,-,0
https://www.rumah123.com/properti/lumajang-sukodono/rumah-di-toga-sukodono-hos19183530/,Lumajang,-,75 M²,72 M²,2,1,Shm,1,-,-,900Watt,-,-,-,-,RP 475 JUTA
https://www.rumah123.com/properti/lumajang-sukodono/rumah-di-alun-alun-hos18573763/,Lumajang,-,180 M²,180 M²,5,2,Shm,-,-,-,4400Watt,-,-,-,-,"RP 1,5 MILIAR"
https://www.rumah123.com/properti/lumajang-sukodono/rumah-hook-sukodono-lumajang-hos18648987/,Lumajang,-,84 M²,84 M²,2,1,Hgb,-,-,-,900Watt,-,-,-,-,RP 299 JUTA
https://www.rumah123.com/properti/lumajang-lumajang/dijual-rumah-1-lantai-di-kelapa-gading-blok-i7-di-lumajang-kode078-hos41631684/,Lumajang,-,88 M²,60 M²,2,1,Hgb,1,-,-,Lainnya,-,-,1,-,RP 175 JUTA
https://www.rumah123.com/properti/badung/hos40358604/,Lumajang,-,72 M²,100 M²,3,3,Shm,2,-,-,4400Watt,-,-,1,-,"RP 1,5 MILIAR"
https://www.rumah123.com/properti/lumajang-sukodono/rumah-minimalis-sukodono-lumajang-hos18734653/,Lumajang,-,70 M²,70 M²,2,1,Shm,-,-,-,2200Watt,-,-,-,-,RP 315 JUTA
https://www.rumah123.com/properti/lumajang-sukodono/rumah-murah-nyaman-hos18574064/,Lumajang,-,344 M²,344 M²,2,2,Shm,-,-,-,900Watt,-,Muat Lebih Banyak,-,-,RP 825 JUTA
https://www.rumah123.com/properti/lumajang-rowokangkung/rumah-baru-boreng-lumajang-hos19301421/,Lumajang,-,60 M²,60 M²,2,1,Hgb,1,-,-,900Watt,-,-,-,-,RP 166 JUTA
https://www.rumah123.com/properti/lumajang-sukodono/rumah-hook-tengah-kota-hos19097518/,Lumajang,-,72 M²,72 M²,2,1,Hgb,1,-,-,900Watt,-,-,-,-,RP 190 JUTA
https://www.rumah123.com/properti/lumajang-kedungjajang/rumah-minimalis-wonorejo-hos19301389/,Lumajang,-,92 M²,92 M²,2,1,Shm,1,-,-,450Watt,-,-,-,-,RP 325 JUTA
https://adclick.g.doubleclick.net/pcs/click?xai=AKAOjsuhNrJo6A3LpTXjhPxmcL-YB6ftkdgADTtCibA3Pb1YgeNPmFDJG4OXxquBA5N3BdRFYEPVkdzgM1a0vsR5d647CznNf3_v2bNuYvuBwjb_f294H2Lb5fkkKwO9dgAIQLlbguPS83FMa4ULBj8zFYFphAioB4Ov0YgyBiuTHz2yvJXdF78U00nfEPVKkqi4wM4RzMMlV5WdaeoJl_O_kNrpRGwAvEBbLXt6xvqKa14GDPsipgMsXyavdh-8xSxDdvC0CO7Ej-gCb3rjAiqEbvC1pUwkylH50UaTdiNg2EXTsQB3j5cbKIl9TOO8IZruoBQXDdHB9DTRccYQZjggH3K11TmyUP5VeMz2e1kctQkFUJvelNm2p93zvb6rto8VmQg5cgQPdEHovbxdD9p8Xo3pitbepciT&sai=AMfl-YTu3FhuNaRt1LDpORsGVgXeYi-DrmVqx1bqbO-Omlq8A5vig7e-co4HdGzWsodAVMR9eg-Pv69qAjj8PX5hJshdT8WK1f2QdcMeXs8SQkzCXjm3OirHPnZo9acbWEiQkpvW8gPcp5MH66YDie5-w8MoqAU1610cSeBQge3lecIGC_KUzIIIzxmW1RNwmVKMEnB14XvRgxcJEKOGB9XBaxd3lXQ2Z7wix66qFOe-bGxHRv7ArpQB3oS3wRe_TmDjL4L5V2q3IpiOD5pLaxkzfKr4peysEz8lCsFurtD04gF6Rl5nyY2idEK3YrKR2UNcfjxI9VHDgB9x&sig=Cg0ArKJSzJEp5eNoZunZEAE&fbs_aeid=%5Bgw_fbsaeid%5D&urlfix=1&adurl=https://www.rumah123.com/perumahan-baru/properti/surabaya/wisata-bukit-mas-cluster-chelsea/nps1933/?utm_source=adunit-r123&utm_medium=native-ads-2-jawa-timur&utm_campaign=srp-secondary,Lumajang,Rumah,-,-,-,-,Lainnya,-,-,-,-,-,-,-,-,"RP 2,91 MILIAR"
https://adclick.g.doubleclick.net/pcs/click?xai=AKAOjss-y233yYPzymNu7D_G7-nssbAtNnjK0-_7HvlrJyAte3prHVO1NqDQ4BGIj1KCiSxxDJlLoF-8mF6btTG01EpCZzGFwTRF253l3aoq7GiXOT_xF3XVdsPTmIZ1Iw9R2Dbps7bYT3VgYgvnld62gKpunu8hNGUiN-phsubPtdRIgyWml5ZOh5oH7JwF1JTKVL1Hl2SJsFNfyiJ55GMW7_kxyHTVKZHeOydgkDc1584wKJitVIc9Yh63qNrkf4yUwWXfQ0Hdd7QpgK5rEBv_-jDxy8yFe-BttC9934C1RM47xLMVBlo-ci6lW3vgVBqKNFogOlGYnazFw9MtCIw9Sb34VyXi5B6qPQODKsCnyS0WWcA-6mAWiUO7q6c83_ofDWDA38mvn9ALjuBT6ym-frR6mx6XW0Zb&sai=AMfl-YRp9y0rlpLgDmbyD8llvnK0zDsgiLYmqTygZc06Wpn2cVp-edAxYyoTuW7mJOcH_HOA2-2FZT-hLWYHupG6klhxd1bxa4gSrzqU7vb3T0k06AueyMXsuIwHz1AS-AZ6y-yZc3gV-Aafs73eu2yYtl9Wa81Cm3cPoRsenaLPfy_JtnSoLHGVoKA1jCJOBN8xCO3f6dTNJhFwpOJYyn_sSeBBIfQu4r1SFfo5MDlYWn29eSmCUph7cH3UWkY05btQW6TWTnCBXuT5_GtOJhx5UebfIDSR5kN8pMERPy8wyW0zZB_m3BOg1uNjp7hm6Pq2SNlhA9OVdnx0&sig=Cg0ArKJSzBMe2IFKxtQEEAE&fbs_aeid=%5Bgw_fbsaeid%5D&urlfix=1&adurl=https://www.rumah123.com/perumahan-baru/properti/surabaya/wisata-bukit-mas-cluster-chelsea/nps1933/?utm_source=adunit-r123&utm_medium=native-ads-1-jawa-timur&utm_campaign=srp-secondary,Lumajang,Rumah,-,-,-,-,Lainnya,-,-,-,-,-,-,-,-,"RP 2,91 MILIAR"
https://www.rumah123.com/properti/lumajang-sukodono/rumah-hook-startegis-sukodono-rumah-hos19300384/,Lumajang,-,210 M²,210 M²,4,3,Shm,1,-,-,1300Watt,-,-,-,-,RP 1 MILIAR
https://www.rumah123.com/properti/lumajang-sukodono/rumah-hook-sukodono-hos18730131/,Lumajang,-,210 M²,210 M²,4,3,Shm,-,-,-,1300Watt,-,-,-,-,RP 1 MILIAR
https://www.rumah123.com/properti/lumajang-sukodono/rumah-sebelah-alun-alun-lumajang-hos18734637/,Lumajang,-,280 M²,266 M²,3,1,Shm,-,-,-,900Watt,-,-,-,-,RP 5 MILIAR
https://www.rumah123.com/properti/lumajang-sukodono/rumah-hook-2-lantai-hos18573790/,Lumajang,-,133 M²,133 M²,2,1,Shm,-,-,-,1300Watt,-,-,-,-,RP 485 JUTA
https://www.rumah123.com/properti/lumajang-sukodono/rumah-murah-di-sukodono-hos19301130/,Lumajang,-,90 M²,45 M²,2,1,Shm,1,-,-,900Watt,-,-,-,-,RP 320 JUTA
https://www.rumah123.com/properti/lumajang-tekung/rumah-dalam-kota-lumajang-hos18730294/,Lumajang,-,1000 M²,1000 M²,12,3,Shm,-,-,-,900Watt,-,-,-,-,"RP 3,25 MILIAR"
https://adclick.g.doubleclick.net/pcs/click?xai=AKAOjstX5QKHbE1m4loB94cOKZ357nX-UD4CPE8or_F2dMRx_VWVPCaBAysyStce2RZkHp65pjuiKOCV7vvX3fSW2bWWestg_FH2a27PaP1aiLuQ5TwKo_RJ_0H7ES-k1cdjCXXq2W1f8GfguLK2Wej-5gFiUMVGUSmZFvQ8_W38SpxDqouxZh_5ZZBpc5Vh9mw9DxWTNwwDIg27byuXCiZHw3EP6AfAMjZeqQRbUsIDLwv9LiWubdomDSNcitilBH82H8nvNtlDa4ywWxLFEeFhPS1tgKCKYjuXwfS6U7WPKo8R1EkN5MsBGnkHZBti14d63byB6K0qGZ-xui5tgLMLPJPCWSA-74p3g6GZKMv-zoZG0OSDxWv0xx2Bqdq6J5yZKtNO1rDBDb8QpYpsoM5ejrovBr8sPsR9&sai=AMfl-YQMEtgmF4-l0Qt-Z4iCVY7nulzqWGKBZt6JpkRXDTfLCB-c19zDMht9XDgunXP8wgetI2YuMCWhBpslGHdF98dSvviZnqTPj4GzyxiQ-6Gng9xJ3XLHmJlds-yUDITzY5QOKloLgrMwlTi_KYdsPah7DbjI847yb9LuIJr38IA0WJrbZU1Jj-fjod8uBgflZJeiEcXETsKRBhZ8b2TLsYSEY3_1XEZC_5V9t0o1gMPxiGhPx5GHMDcq-ILas0wdalw-U4_sxX9XPhabs5a4mA3YN3RzhCpfnCHD3dt0G3IPO19JxRQA4nPExVD8BmUNwe1IOgfu5Tle&sig=Cg0ArKJSzFvoKXFwb0n9EAE&fbs_aeid=%5Bgw_fbsaeid%5D&urlfix=1&adurl=https://www.rumah123.com/perumahan-baru/properti/surabaya/wisata-bukit-mas-cluster-chelsea/nps1933/?utm_source=adunit-r123&utm_medium=native-ads-1-jawa-timur&utm_campaign=srp-secondary,Lumajang,Rumah,-,-,-,-,Lainnya,-,-,-,-,-,-,-,-,"RP 2,91 MILIAR"
https://www.rumah123.com/properti/lumajang-sukodono/rumah-toko-strategis-dalam-kota-lumajang-hos18751380/,Lumajang,-,178 M²,178 M²,3,1,Shm,-,-,-,1300Watt,-,-,-,-,"RP 1,4 MILIAR"
https://adclick.g.doubleclick.net/pcs/click?xai=AKAOjssfMvMng2W360VxCQ9ocWB_K_DqUtCUtWesyzswOjGXspBi26gCVkQ7W5nFoznWqDihXUt1KYkZm4cWbVQ3HIRha-ZMxcJxmjyt6v6Zth2g4bAkRpJfQW9FpNGm_jQQlV84ZOPlHKK8-OoinfLo91-5fyOl731GBwUnCy_r3tKqU8m3ZTfWs_8n3IwF5hzUIBLnqNVTF57S02qOec4zkNVQ0sGIl7Zexf39ivqgo3Zoj9VLNlae54TdemK5eR4LCogGzGNZW82Qr43Lycz4fockcKjIHH4cr3l9ehxMCzry9tYZiKFDgL9Nkua1HDnLJExU54dihphRkGcaBpM5P6MUhgZ5pCFcxAytphUCxV5zGMv1XrMCEBFBMRlLSIwyf-jWjDsmb-QGE9yik82dWsRRp2fI4g0_&sai=AMfl-YQKBBrqxpn613oWSRqPKojibmUZePI48_8GfvSv_0mOBI6Pn8m5QVyRvrexzhYOj1Tx9hiXOb5hsTgdr5h2Umdz69K6LSdC008VusF9Xp5z_D4IErqvpcJkOyzq5SeO_UQ5jHCO4M2A1aX8_n1RHMC8ZdCVI6xHrEMN-gRACNa6SJcGB6CAyP1kBebdEw6qsqJw7eQJdktPz4jVprbtGAa7MUupM9Fgu7lvpoVtiWVffIv52XBE1jDK6xH-pbBaEPXSkIZaeBVWypiJNyU-zx1BkN-koPxIAwhVJ2TALzuw_L0y3NOEKiK8DDh7Rfen9FCqNwMenCBK&sig=Cg0ArKJSzEMf4-jdEyu9EAE&fbs_aeid=%5Bgw_fbsaeid%5D&urlfix=1&adurl=https://www.rumah123.com/perumahan-baru/properti/surabaya/wisata-bukit-mas-cluster-chelsea/nps1933/?utm_source=adunit-r123&utm_medium=native-ads-1-jawa-timur&utm_campaign=srp-secondary,Lumajang,Rumah,-,-,-,-,Lainnya,-,-,-,-,-,-,-,-,"RP 2,91 MILIAR"
https://www.rumah123.com/properti/lumajang-sumbersoko/rumah-bhumi-mandala-hos18574041/,Lumajang,-,85 M²,56 M²,2,1,Hgb,-,-,-,1300Watt,-,-,-,-,RP 475 JUTA
https://www.rumah123.com/properti/lumajang-sukodono/rumah-hook-2lantai-sukodono-hos19097541/,Lumajang,-,72 M²,72 M²,4,2,Hgb,1,-,-,900Watt,-,-,-,-,RP 315 JUTA
https://www.rumah123.com/properti/lumajang-sukodono/rumah-di-pusat-kota-hos18573822/,Lumajang,-,205 M²,205 M²,5,3,Shm,-,-,-,900Watt,-,-,-,-,"RP 1,9 MILIAR"
https://www.rumah123.com/properti/lumajang-kunir/rumah-minimalis-siap-huni-di-kunir-hos19517324/,Lumajang,-,60 M²,60 M²,2,1,Hgb,1,-,-,900Watt,-,-,-,-,RP 166 JUTA
https://www.rumah123.com/properti/lumajang-sukodono/rumah-elit-sukodono-lumajang-hos18751386/,Lumajang,-,90 M²,72 M²,3,2,Hgb,-,-,-,2200Watt,-,-,-,-,RP 799 JUTA
https://www.rumah123.com/properti/lumajang-sukodono/rumah-minimalis-daerah-lumajang-cocok-buat-hunian-hos14694496/,Lumajang,-,144 M²,189 M²,4,2,Shm,1,-,-,900Watt,-,-,1,-,RP 800 JUTA
https://www.rumah123.com/properti/lumajang-sumbersoko/rumah-hook-dekat-sumbersuko-lumajang-hos18734671/,Lumajang,-,1100 M²,1100 M²,6,5,Shm,-,-,-,5500Watt,-,-,-,-,"RP 4,5 MILIAR"
https://www.rumah123.com/properti/lumajang-sukodono/rumah-minimalis-tengah-kota-hos18573800/,Lumajang,-,78 M²,78 M²,3,1,Shm,-,-,-,900Watt,-,-,-,-,RP 215 JUTA
https://adclick.g.doubleclick.net/pcs/click?xai=AKAOjsvfBuYQfXsacKZ7eMuKjCEpXr2YYXLgr28x0xyQvdp4uW38GnrWkqbfTemjgeSwlQRQRU_4Wx_j2wKmTL-7ap1ljhGzxl1Ttf78p21ANvoQy6BMEuZ_HRa-9ITMHctY46oFnIlcH-9x3LzstaQIfKEwb91XTfjtLi7BTpeQ1Y1hdoVgFDuCDVZ5mgY2iZyEUFrHe_A-CYeVCMo8qYEAixIhzng4hj7cuMp4UYwiERMUNPok8dBH_vpsOCATQxfxZ0jpxqqTPyVMV_PP2t4fE4Q4i0VLhbSQbK3u4IPBQG-dZorNZhqXOMLn3KzrMzi7pxIRePOlutJQIS4XbTvBkWouUDQU-Ycm7VxEjcoC2TdRdN4RRoPX_Jda5LwYvtoUlh8l1WzuNDDzbLRNRo2nnIAP3Q8tYKj1&sai=AMfl-YSTtfwG2egJG3pLCPLPGL7vyp0ntfMm6gMoqaiBscPI-FTgUxB2XJFQqZ-CRbPaeclL4wTel-X8FX_DNWwkE21lCWO-aLaQmLiUUkuTywV1TojbaMbhW0rK7cpnjtgSQj8wnf7Bjk8GVg0Qr_0hFevjaART9kPC1XFePTEwgjLtOynsEdIdXQeH_5iu7ui-whOorCKTgkRQJ4lzTbAEoPNItBx8HOZreuEFwoodcFY0m0wWULb32hvR24NxAV9XJn7rlKIZ5_kIlFmKBIwDOwDdsKPA4HAtEI-XgzNdaaWu1znVQ8dpgtauF9jJ6rCWxXypDBn8_bvN&sig=Cg0ArKJSzFNmF3DIorXqEAE&fbs_aeid=%5Bgw_fbsaeid%5D&urlfix=1&adurl=https://www.rumah123.com/perumahan-baru/properti/majalengka/metland-kertajati/nps3660/?utm_source=adunit-r123&utm_medium=native-ads-4-jawa-timur&utm_campaign=srp-secondary,Lumajang,"Ruko, Rumah",-,-,-,-,Lainnya,-,-,-,-,-,-,-,-,RP 466 JUTA
https://www.rumah123.com/properti/lumajang-sukodono/rumah-luas-sukodono-hos19296549/,Lumajang,-,140 M²,140 M²,3,2,Shm,1,-,-,1300Watt,-,-,-,-,RP 490 JUTA
https://www.rumah123.com/properti/lumajang-kedungjajang/rumah-2-lantai-siap-huni-di-lumajang-kota-hos15029162/,Lumajang,-,144 M²,189 M²,4,2,Shm,2,-,-,900Watt,-,-,1,-,RP 800 JUTA
https://www.rumah123.com/perumahan-baru/properti/badung/i-villa/nps3536/,Lumajang,Rumah,-,-,-,-,Lainnya,-,-,-,-,-,-,-,-,"RP 3,5 MILIAR"
https://adclick.g.doubleclick.net/pcs/click?xai=AKAOjst-jd3y_Kp5J6tOlNqSTITtwlywJS3wvqIxU5pWF2ZP9LIEvHXk5_dbKE8whDsJICLQeBG_xo_ADpxWcqmYls84F_aj2UmZ3qJvX20H8Sd4-Hag-LGGpYBHJbmcl9tsDkK_v1cWeELkhTpcp3Z9W94QNhcg_kWZyWPxbOf6kYnWElcxA-UsHJOGxKcsn22Ubl2_aoX6c597omqEUwdb98ZJDma2aU3jyvjDYbUYbr_yycqeHmRWb5BYo-mX7NHylffyj5r80wu0X1X0KAxtMD7pnEfUnTteIkk9O96gvEcocE4OjZDApHqcTJiVKPpJBVdSq9PHCCehQndpyLA2QWFoa2KlBalyGZdwUsIRZKlhA_DOsiHr9fYRDzHTrpJOWiAhRGliBRANUKRB8Hleml1GK3CpOnvO&sai=AMfl-YQRs4GMLat1i0kqqVYp-VYZsTYWgxYSqAFEcjWQAnvuCXWP2W7tLOtR4wXI_es0FYPWaTG5lHin4ok88DVzkrLeypVpL_J-BMqrJeOsnYzC4YxDXr5WsjMUqkCcpBwpY5zCMi-6wMB_535h_3kAG-7t8liAzsWyIsGz1NpVh12kYACxmcNhN0rwhX-bfEna9YyGV1u5bevc5EZ4FleX3ylSTxARjg6K9EOC-COVPT7rrWNWiCBJFgtezk9ZyPGptjdEvAIM1l85TQmK4ghFYBhrPtKW1TNd-JWMlngPwV_iu0C6UtFbEBzNSW0C9EOi2gdA5fHs9C7H&sig=Cg0ArKJSzAQYoD_1o6kjEAE&fbs_aeid=%5Bgw_fbsaeid%5D&urlfix=1&adurl=https://www.rumah123.com/perumahan-baru/properti/surabaya/wisata-bukit-mas-cluster-chelsea/nps1933/?utm_source=adunit-r123&utm_medium=native-ads-2-jawa-timur&utm_campaign=srp-secondary,Lumajang,Rumah,-,-,-,-,Lainnya,-,-,-,-,-,-,-,-,"RP 2,91 MILIAR"
https://adclick.g.doubleclick.net/pcs/click?xai=AKAOjsvu0_akMSAFP_1pL-m9CwW-J6AYW_aD1-oN86EaMIPJW_-EIethCO3DkOvvWso7hLcMjPmHpzJtS-fmm4FffULOIz7OgnJIFe_dhZXdLOjKRmf0oo_EibdlBoCgZhbreQVhMKu78hZBdedS4lj4UfHQAlubgtUgUV_FwsjbF1OkcXY9oVYi3K65rrchLpEyeqtSFL58jxG3KsUkiuVTfsJXpva5SJy8qYF_-6Ho9VwrVTsLcjG1f9zaViWSeCfVtF1ndR-hTudiZjUaSm6S8lVN318xuiZaOAk2Y0uDki7TWs5rqRsBy4RjRpkg8bxEo-NzoJA0hbMLBGjJdZOP4Dy63o0RszocSN8tqUtGeBcUs-edvgf1wbbiZOq2kAViUTBIYuMuT6gJBjaZr0NsW60t8QNKgVL_&sai=AMfl-YT93YfMN7w6YLARqAMgjK7r7MeTofXik_QhYAiL46U8KYVeXKLko8ZP1csPy2FuHRk07H6i1N1qZMBNVB8WXRWLQCP_sJj65vTeGwGVHxuKdcxUQk6E3i3BXwZ9ErVe0-LnfZDD4JXWY4Rzf521lYF5cs5O7guNznZdbQJtgflM5tiNJmC4elD8083LzVO1-DG61nwB65gBRaq0_j_9D-VNu1sgT3wFrcgqYtCBq5KhpMLFGRgOul-kSaYjpWFHOrGu5lS5_mxylT8os_xCVAFCUsFOrIsh4XMLf78u1Io0WAxYEHXxNwOjXODjmDKpKVx-YOHs8x50&sig=Cg0ArKJSzEOa5ZDWJi72EAE&fbs_aeid=%5Bgw_fbsaeid%5D&urlfix=1&adurl=https://www.rumah123.com/perumahan-baru/properti/jakarta-selatan/the-elements/nps1689/?utm_source=adunit-r123&utm_medium=native-ads-3-jawa-timur&utm_campaign=srp-secondary,Lumajang,Apartemen,-,-,-,-,Lainnya,-,-,-,-,-,-,-,-,"RP 5,5 MILIAR"
https://www.rumah123.com/properti/lumajang-tekung/rumah-minimalis-pusat-kota-lumajang-hos19300494/,Lumajang,-,75 M²,75 M²,3,2,Shm,1,-,-,900Watt,-,-,-,-,RP 425 JUTA
https://www.rumah123.com/properti/lumajang-tekung/rumah-minimalis-pusat-kota-lumajang-hos19300520/,Lumajang,-,79 M²,79 M²,2,1,Shm,1,-,-,900Watt,-,-,-,-,RP 265 JUTA
https://www.rumah123.com/properti/lumajang-sukodono/rumah-hook-2lantai-butuh-rehab-sukodono-hos19300191/,Lumajang,-,180 M²,180 M²,7,4,Hgb,1,-,-,900Watt,-,-,-,-,RP 625 JUTA
https://www.rumah123.com/properti/lumajang-sukodono/rumah-di-veteran-sukodono-hos19301546/,Lumajang,-,305 M²,305 M²,5,3,Shm,1,-,-,1300Watt,-,-,-,-,RP 875 JUTA
https://www.rumah123.com/properti/lumajang-lumajang/rumah-di-nol-jalan-bromo-citrodiwangsan-lumajang-hos40767548/,Lumajang,-,660 M²,660 M²,5,3,Shm,2,-,-,Lainnya,-,8,4,-,"RP 1,5 MILIAR"
https://www.rumah123.com/properti/lumajang-lumajang/rumah-dekat-pasar-induk-lumajang-lokasi-sangat-strategis-hos41763123/,Lumajang,-,78 M²,100 M²,3,3,Hgb,2,-,-,Lainnya,-,1,1,-,RP 650 JUTA
https://www.rumah123.com/perumahan-baru/properti/malang/metro-park-adigraha/nps3686/,Lumajang,Rumah,-,-,-,-,Lainnya,-,-,-,-,-,-,-,-,RP 395 JUTA
https://www.rumah123.com/properti/lumajang-senduro/rumah-impian-hos18577036/,Lumajang,-,77 M²,77 M²,2,1,Shm,-,-,-,1300Watt,-,-,-,-,RP 425 JUTA
https://www.rumah123.com/properti/lumajang-sumbersoko/rumah-elit-dalam-kota-lumajang-hos18734463/,Lumajang,-,200 M²,200 M²,5,3,Shm,-,-,-,1300Watt,-,-,-,-,RP 700 JUTA
https://www.rumah123.com/properti/lumajang-kunir/rumah-tanpa-renovasi-kunir-lumajang-hos19517230/,Lumajang,-,60 M²,60 M²,2,1,Hgb,1,-,-,900Watt,-,-,-,-,RP 166 JUTA
https://adclick.g.doubleclick.net/pcs/click?xai=AKAOjstxby_Eg-CGo8ahEvaBewHClxyqipYGR3wb1kkSse9QZLpVa-HPhecljkV50h2608oLEQuxECn2Z4YmCS62ub7Bgd-5DZurq_5t8kmOElpnU_wITQFCgI50DqSbM2mkcskPCVrm01TTBBOXQLlaKwASh28s6V5Ar5fnlAj_1EElT0j8MrOyAjIxuhGQTfUTFWVVA3XXjhYYGCsMT2fUZruYRVKv1jjVAXl0CUpijmh9mzLtE0aOffODbxbzh_8kpk8P9mwQJqq5QHXtUTDW4mchjC_vDCQxn8fFKSQEIbChkiu2bHVtUK7scGjoBf6rAxjWnrlwof2mGpjCzMNIbnhBvhnP-2JDdDHB4epszsLhjqPnq_k-AWzuRvVuzSHfD4eMnWbEIXKke1ynkO_tjZrId7gq6nb8&sai=AMfl-YRnX7YzIeRfHG2ftzZzmgANe9ir51KITdrYVpFTTwIB-GLZM_u4m-2Z25PpKWb6aC6jAVQOi5197SQw-1juL8LZBAEvq4VPxjiXZMfc5hZRPCdTDwyd2SL4Kr5VB6Ff5MLygvMqaUkDx7adeFPWmfNwGTM7hza3GzLxcXD-6LaCFGnu4Qnuhstub0LqAqZakU3-yem6Tjl9IbLvRT40wVJM7UhdYTHMdU4fzUtitaWt_FOpfuT2Es1XY4BYLozUURNL0tqJ8p207GFZvlCj498ZBRfvYqW6XrjbkpnEpLz_j196-7XtAdh501Xj3arppIqp9aIOck9K&sig=Cg0ArKJSzP62xeEYJxzOEAE&fbs_aeid=%5Bgw_fbsaeid%5D&urlfix=1&adurl=https://www.rumah123.com/perumahan-baru/properti/jakarta-selatan/the-elements/nps1689/?utm_source=adunit-r123&utm_medium=native-ads-3-jawa-timur&utm_campaign=srp-secondary,Lumajang,Apartemen,-,-,-,-,Lainnya,-,-,-,-,-,-,-,-,"RP 5,5 MILIAR"
https://www.rumah123.com/properti/lumajang-kedungjajang/rumah-dekat-terminal-wonorejo-hos19301691/,Lumajang,-,98 M²,98 M²,2,1,Shm,1,-,-,450Watt,-,-,-,-,RP 235 JUTA
https://adclick.g.doubleclick.net/pcs/click?xai=AKAOjssiq93-MkIFYolOx7C1xz_ZWuuAu7P2_dEIDlUIDTX-GpCBgUqhDLtwsg0dX-8l3NDxDR2TJZeX8nRGNGKnoDtwHlzndH0AJ3_QXK4-lf89hDZXB7unaCUcElVwXgPge_9_KFiFTFAyH4S9dfKdQ0JyL6I_AvalQSGdvXu3WqbZau2jIwfSISUVkwDRjiRC85H_9GHB8sOJ0yXhRsfD6VvQV0jUItRU3qRryqm3MM0G7oJ5GN8aX3-PSgyuq8TNmZhfra5ndeBeb_xD9XFM4OHsDBUUwi1nwhWHCzvs_qc0C2Eftr8w3ip55awRKNTezRASybA7ulblWYFPhT4UYEGUu_P2y1uaOpljQj_042bB0LzI7iZR4zl70fW6uD1YJnqKrxo0RiIksmdBRMv5xWHFOc_4rhwG&sai=AMfl-YTw9_H3WR0SEfT9l2tb-0GGpGQKG2UQSi2yWaMnvVpyPxv3DA1Ul2i6m9tVDTO6lGBTkiPAqS2BJsfGOtkzoT2h5-czOoAPrTMHv8LD2su_smMc8qGEusp1lsKJzZIJ1UeO2NDTRUPBzvbZdG-bnceU7RXnT6WLbeCv7MskvXOqts-HWl7DEGtOVSzeb4BHZIOd2BLJQDiGs_dv8z1OA22ZrGvY2Zr3bai817v8HAIdKmyyOKh-yHjpR3Gz8a0lStVlcI1p-fQS3cRWOqPfHZcF_qQLvib0ohypcE9IjGheWaqt_XJ8S_y_zU4i11F8F-r4GcNxX5IT&sig=Cg0ArKJSzOl6uii_5ZFcEAE&fbs_aeid=%5Bgw_fbsaeid%5D&urlfix=1&adurl=https://www.rumah123.com/perumahan-baru/properti/jakarta-selatan/the-elements/nps1689/?utm_source=adunit-r123&utm_medium=native-ads-3-jawa-timur&utm_campaign=srp-secondary,Lumajang,Apartemen,-,-,-,-,Lainnya,-,-,-,-,-,-,-,-,"RP 5,5 MILIAR"
https://www.rumah123.com/properti/lumajang-lumajang/dijual-rumah-1-lantai-kelapa-gading-di-lumajang-hos41631380/,Lumajang,-,78 M²,60 M²,2,1,Hgb,2,-,-,Lainnya,-,-,1,-,RP 225 JUTA
https://www.rumah123.com/properti/lumajang-tekung/rumah-mewah-pusat-kota-lumajang-hos19555532/,Lumajang,-,72 M²,72 M²,2,1,Hgb,1,-,-,900Watt,-,-,-,-,RP 405 JUTA
https://www.rumah123.com/properti/lumajang-sukodono/rumah-hook-pinggir-jalan-aspal-sukodono-lumajang-hos18734623/,Lumajang,-,98 M²,98 M²,2,1,Shm,-,-,-,1300Watt,-,-,-,-,RP 380 JUTA
https://www.rumah123.com/properti/lumajang-tekung/rumah-murah-boreng-tekung-hos19296534/,Lumajang,-,72 M²,72 M²,2,1,Shm,1,-,-,900Watt,-,-,-,-,RP 166 JUTA
https://www.rumah123.com/perumahan-baru/properti/sidoarjo/grand-royal-regency/nps7684/,Lumajang,Rumah,-,-,-,-,Lainnya,-,-,-,-,-,-,-,-,RP 685 JUTA
https://www.rumah123.com/properti/surabaya/hos41690603/,Lumajang,-,288 M²,650 M²,4,5,Shm,2,-,-,5500Watt,-,-,2,-,"RP 12,5 MILIAR"
https://www.rumah123.com/properti/lumajang-tempeh/rumah-luas-daerah-kota-lumajang-cocok-untuk-usaha-atau-investasi-hos11443198/,Lumajang,-,829 M²,829 M²,5,3,Lainnya,-,-,-,4400Watt,-,-,-,-,RP 7 MILIAR
https://www.rumah123.com/properti/lumajang-sukodono/rumah-murah-sumberejo-hos19301676/,Lumajang,-,66 M²,66 M²,2,1,Shm,1,-,-,900Watt,-,-,-,-,RP 270 JUTA
https://www.rumah123.com/properti/lumajang-sumbersoko/rumah-dengan-kolam-renang-hos18573717/,Lumajang,-,90 M²,90 M²,2,1,Hgb,-,-,-,1300Watt,-,-,-,-,RP 235 JUTA
https://www.rumah123.com/properti/lumajang-sumbersoko/rumah-bhumi-abhipraya-hos18574032/,Lumajang,-,98 M²,71 M²,3,2,Hgb,-,-,-,1300Watt,-,-,-,-,RP 625 JUTA
https://www.rumah123.com/properti/lumajang-sumbersoko/rumah-primary-2-lantai-hos18573801/,Lumajang,-,98 M²,98 M²,2,2,Shm,-,-,-,1300Watt,-,-,-,-,RP 999 JUTA
https://www.rumah123.com/properti/lumajang-sukodono/rumah-murah-di-daerah-sukodono-lumajang-hos41327635/,Daerah Sukodono,-,96 M²,70 M²,3,2,Shm,1,-,-,Lainnya,-,-,-,-,RP 254 JUTA
https://www.rumah123.com/properti/lumajang-tekung/rumah-dalam-kota-lumajang-hos18730314/,Lumajang,-,240 M²,240 M²,4,1,Shm,-,-,-,900Watt,-,-,-,-,"RP 1,5 MILIAR"
https://www.rumah123.com/properti/lumajang-lumajang/rumah-murah-aset-mandiri-kab-lumajang-hos40156484/,Lumajang,-,1032 M²,457 M²,5,3,Shm,1,-,-,Lainnya,-,-,2,-,"RP 2,35 MILIAR"
https://www.rumah123.com/properti/lumajang-sukodono/rumah-2lantai-sumberejo-lumajang-hos19301469/,Lumajang,-,98 M²,98 M²,5,2,Shm,1,-,-,1300Watt,-,-,-,-,RP 499 JUTA
